<assembly
	xmlns="http://maven.apache.org/plugins/maven-assembly-plugin/assembly/1.1.0"
	xmlns:xsi="http://www.w3.org/2001/XMLSchema-instance"
	xsi:schemaLocation="http://maven.apache.org/plugins/maven-assembly-plugin/assembly/1.1.0 http://maven.apache.org/xsd/assembly-1.1.0.xsd">
	<id>zip</id>
	<baseDirectory>${project.build.finalName}</baseDirectory>
	<formats>
		<format>zip</format>
	</formats>
	<dependencySets>
		<dependencySet>
			<outputDirectory>/</outputDirectory>
			<outputFileNameMapping>${artifact.artifactId}.${artifact.extension}</outputFileNameMapping>
		</dependencySet>
	</dependencySets>
</assembly>